93646;Accumulator
93647;Accumulator
93648;Accumulator
93649;Accumulator
93650;Accumulator
93651;Accumulator
93652;Accumulator
93653;Accumulator
93654;Accumulator
93655;Accumulator
93658;Assassin
93659;Assassin
93660;Assassin
93661;Assassin
93662;Assassin
93663;Assassin
93664;Assassin
93665;Assassin
93666;Assassin
93667;Assassin
93689;Commanding Presence
93690;Commanding Presence
93691;Commanding Presence
93692;Commanding Presence
93693;Commanding Presence
93694;Commanding Presence
93695;Commanding Presence
93696;Commanding Presence
93697;Commanding Presence
93698;Commanding Presence
93710;Accumulator
93711;Channeling of Notum
93712;Channeling of Notum
93713;Channeling of Notum
93714;Channeling of Notum
93715;Enhance Health
93716;Enhance Health
93717;Enhance Health
93718;Enhance Health
93719;Enhance Health
93720;Enhance Health
93721;Enhance Health
93722;Enhance Nano
93723;Enhance Nano
93724;Enhance Nano
93725;Enhance Nano
93726;Enhance Nano
93727;Enhance Nano
93728;Enhance Nano
93729;Motorist
93730;Motorist
93731;Motorist
93732;Motorist
93733;Training Seminar
93734;Training Seminar
93735;Training Seminar
93736;Training Seminar
93737;Unstunnable
93738;Unstunnable
93739;Unstunnable
93740;Unstunnable
93741;NCU Extensions
93742;NCU Extensions
93743;NCU Extensions
93744;NCU Extensions
93745;NCU Extensions
93746;NCU Extensions
93747;NCU Extensions
93748;NCU Extensions
93749;Soothing Spirits
93750;Soothing Spirits
93751;Soothing Spirits
93752;Soothing Spirits
93753;Soothing Spirits
93754;Soothing Spirits
93755;Soothing Spirits
93756;Soothing Spirits
93757;Soothing Spirits
93758;Soothing Spirits
93759;Ambidextrous
93760;Ambidextrous
93761;Ambidextrous
93762;Ambidextrous
93763;Ambidextrous
93914;Acrobat
93915;Acrobat
93916;Acrobat
93917;Acrobat
93918;Edged Mastery
93919;Edged Mastery
93920;Edged Mastery
93921;Edged Mastery
93922;Edged Mastery
93923;Edged Mastery
93924;Bio Shielding
93925;Bio Shielding
93926;Bio Shielding
93927;Bio Shielding
93928;Bio Shielding
93929;Bio Shielding
93930;Bio Shielding
93931;Bio Shielding
93932;Bio Shielding
93933;Bio Shielding
93934;Alchemist
93935;Alchemist
93936;Alchemist
93937;Alchemist
93938;Alchemist
93939;Alchemist
93940;Assault Force Medic
93941;Assault Force Medic
93942;Assault Force Medic
93943;Assault Force Medic
93944;Assault Force Medic
93945;Assault Force Medic
93946;Assault Force Medic
93947;Assault Force Medic
93948;Assault Force Medic
93949;Assault Force Medic
93950;Black Ops
93951;Black Ops
93952;Black Ops
93953;Black Ops
93954;Black Ops
93955;Black Ops
93956;Black Ops
93957;Black Ops
93958;Black Ops
93959;Black Ops
93960;Blessing
93961;Blessing
93962;Blessing
93963;Blessing
93964;Blessing
93965;Blessing
93966;Blessing
93967;Blessing
93968;Blessing
93969;Blessing
93970;Blunt Mastery
93971;Blunt Mastery
93972;Blunt Mastery
93973;Blunt Mastery
93974;Brawler
93975;Brawler
93976;Brawler
93977;Brawler
93978;Brawler
93979;Brawler
93980;Bureaucratic Shuffle
93981;Bureaucratic Shuffle
93982;Bureaucratic Shuffle
93983;Bureaucratic Shuffle
93984;Bureaucratic Shuffle
93985;Bureaucratic Shuffle
93986;Bureaucratic Shuffle
93987;Bureaucratic Shuffle
93988;Bureaucratic Shuffle
93989;Bureaucratic Shuffle
93990;Careful in Battle
93991;Careful in Battle
93992;Careful in Battle
93993;Careful in Battle
93994;Careful in Battle
93995;Careful in Battle
93996;Careful in Battle
93997;Careful in Battle
93998;Careful in Battle
93999;Careful in Battle
94000;Cartographer
94001;Cartographer
94002;Cartographer
94003;Cartographer
94004;Cartographer
94005;Channel Rage
94006;Channel Rage
94007;Channel Rage
94008;Channel Rage
94009;Channel Rage
94010;Channel Rage
94011;Channel Rage
94012;Channel Rage
94013;Channel Rage
94014;Channel Rage
94015;Colossal Health
94016;Colossal Health
94017;Colossal Health
94018;Colossal Health
94019;Colossal Health
94020;Colossal Health
94021;Colossal Health
94022;Colossal Health
94023;Colossal Health
94024;Colossal Health
94025;Distill Life
94026;Distill Life
94027;Distill Life
94028;Distill Life
94029;Distill Life
94030;Distill Life
94031;Distill Life
94032;Distill Life
94033;Distill Life
94034;Distill Life
94035;Disharmony
94036;Disharmony
94037;Disharmony
94038;Disharmony
94039;Disharmony
94040;Disharmony
94041;Disharmony
94042;Disharmony
94043;Disharmony
94044;Disharmony
94045;Enhance DNA
94046;Enhance DNA
94047;Enhance DNA
94048;Enhance DNA
94049;Enhance DNA
94050;Enhance DNA
94051;Enhance DNA
94052;Enhance DNA
94053;Enhance DNA
94054;Enhance DNA
94055;Enhanced Nano Damage
94056;Enhanced Nano Damage
94057;Enhanced Nano Damage
94058;Enhanced Nano Damage
94059;Enhanced Nano Damage
94060;Enhanced Nano Damage
94061;Essence of Notum
94062;Essence of Notum
94063;Essence of Notum
94064;Explorer
94065;Explorer
94066;Explorer
94067;Explorer
94068;Ferocity of Nature
94069;Ferocity of Nature
94070;Ferocity of Nature
94071;First Aid
94072;First Aid
94073;First Aid
94074;First Aid
94075;Demolitions
94076;Demolitions
94077;Demolitions
94078;Demolitions
94079;Demolitions
94080;Demolitions
94081;Demolitions
94082;Demolitions
94083;Demolitions
94084;Demolitions
94085;Focus Ferocity
94086;Focus Ferocity
94087;Focus Ferocity
94088;Focus Ferocity
94089;Focus Ferocity
94090;Focus Ferocity
94091;Focus Ferocity
94092;Focus Ferocity
94093;Focus Ferocity
94094;Focus Ferocity
94095;Form of Troll
94096;Form of Troll
94097;Form of Troll
94098;Form of Troll
94099;Form of Troll
94100;Form of Troll
94101;Form of Troll
94102;Form of Troll
94103;Form of Troll
94104;Form of Troll
94105;Freak Strength
94106;Freak Strength
94107;Freak Strength
94108;Gadgeteer
94109;Gadgeteer
94110;Gadgeteer
94111;Gadgeteer
94112;Gadgeteer
94113;Gadgeteer
94114;Gadgeteer
94115;Gadgeteer
94116;Gadgeteer
94117;Gadgeteer
94118;Genius
94119;Genius
94120;Genius
94121;Grid NCU Extension
94122;Grid NCU Extension
94123;Grid NCU Extension
94124;Grid NCU Extension
94125;Heavy Ranged
94126;Heavy Ranged
94127;Heavy Ranged
94128;Heavy Ranged
94129;Heavy Ranged
94130;Heavy Ranged
94131;Heavy Ranged
94132;Heavy Ranged
94133;Holy Mark
94134;Holy Mark
94135;Holy Mark
94136;Holy Mark
94137;Holy Mark
94138;Holy Mark
94139;Holy Mark
94140;Holy Mark
94141;Holy Mark
94142;Holy Mark
94143;Rifle Mastery
94144;Rifle Mastery
94145;Rifle Mastery
94146;Rifle Mastery
94147;Rifle Mastery
94148;Rifle Mastery
94149;Rifle Mastery
94150;Kung-Fu Master
94151;Kung-Fu Master
94152;Kung-Fu Master
94153;Kung-Fu Master
94154;Kung-Fu Master
94155;Manners of Mongo
94156;Manners of Mongo
94157;Manners of Mongo
94158;Manners of Mongo
94159;Manners of Mongo
94160;Manners of Mongo
94161;Manners of Mongo
94162;Manners of Mongo
94163;Manners of Mongo
94164;Manners of Mongo
94165;Mechanic
94166;Mechanic
94167;Mechanic
94168;Mechanic
94169;Mechanic
94170;Mechanic
94171;Mechanic
94172;Mechanic
94173;Mechanic
94174;Mechanic
94175;Mountaineer
94176;Mountaineer
94177;Mountaineer
94178;Mountaineer
94179;Mountaineer
94180;Nano Doctorate
94181;Nano Doctorate
94182;Nano Doctorate
94183;Nano Doctorate
94184;Nano Doctorate
94185;Nano Doctorate
94186;Nano Doctorate
94187;Nano Surgeon
94188;Nano Surgeon
94189;Nano Surgeon
94190;Nano Surgeon
94191;Nano Surgeon
94192;Nano Surgeon
94193;Notum Source
94194;Notum Source
94195;Notum Source
94196;Notum Source
94197;Notum Source
94198;Notum Source
94199;Notum Source
94200;Notum Source
94201;Notum Source
94202;Notum Source
94203;Persuader
94204;Persuader
94205;Persuader
94206;Persuader
94207;Persuader
94208;Persuader
94209;Persuader
94210;Persuader
94211;Persuader
94212;Persuader
94213;Piercing Mastery
94214;Piercing Mastery
94215;Piercing Mastery
94216;Piercing Mastery
94217;Piercing Mastery
94218;Piercing Mastery
94219;Piercing Mastery
94220;Piercing Mastery
94221;Piercing Mastery
94222;Piercing Mastery
94223;Pistol Mastery
94224;Pistol Mastery
94225;Pistol Mastery
94226;Pistol Mastery
94227;Pistol Mastery
94228;Power Up
94229;Shadowsneak
94230;Shadowsneak
94231;Shadowsneak
94232;Shadowsneak
94233;Shadowsneak
94234;Shadowsneak
94235;Shadowsneak
94236;Shadowsneak
94237;Shadowsneak
94238;Shadowsneak
94239;Shadowstalker
94240;Shadowstalker
94241;Shadowstalker
94242;Shadowstalker
94243;Shadowstalker
94244;Shadowstalker
94245;Sharpshooter
94246;Sharpshooter
94247;Sharpshooter
94248;Sharpshooter
94249;Sharpshooter
94250;Sharpshooter
94251;SMG Mastery
94252;SMG Mastery
94253;SMG Mastery
94254;SMG Mastery
94255;SMG Mastery
94256;SMG Mastery
94257;SMG Mastery
94258;SMG Mastery
94259;SMG Mastery
94260;SMG Mastery
94261;Special Forces
94262;Special Forces
94263;Special Forces
94264;Special Forces
94265;Special Forces
94266;Special Forces
94267;Special Forces
94268;Special Forces
94269;Special Forces
94270;Special Forces
94271;Specialist Healer
94272;Specialist Healer
94273;Specialist Healer
94274;Specialist Healer
94275;Specialist Healer
94276;Specialist Healer
94277;Specialist Healer
94278;Specialist Healer
94279;Specialist Healer
94280;Specialist Healer
94281;Spirit Phylactery
94282;Spirit Phylactery
94283;Spirit Phylactery
94284;Spirit Phylactery
94285;Spirit Phylactery
94286;Spirit Phylactery
94287;Spirit Phylactery
94288;Spirit Phylactery
94289;Spirit Phylactery
94290;Spirit Phylactery
94291;Spiritual Master
94292;Spiritual Master
94293;Spiritual Master
94294;Spiritual Master
94295;Spiritual Master
94296;Spiritual Master
94297;Spiritual Master
94298;Spiritual Master
94299;Spiritual Master
94300;Spiritual Master
94301;Cybernetic Samurai
94302;Cybernetic Samurai
94303;Cybernetic Samurai
94304;Cybernetic Samurai
94305;Cybernetic Samurai
94306;Cybernetic Samurai
94307;Cybernetic Samurai
94308;Cybernetic Samurai
94309;Cybernetic Samurai
94310;Cybernetic Samurai
94311;Theoretical Research
94312;Theoretical Research
94313;Theoretical Research
94314;Theoretical Research
94315;Theoretical Research
94316;Theoretical Research
94317;Theoretical Research
94318;Theoretical Research
94319;Theoretical Research
94320;Theoretical Research
94321;Thief
94322;Thief
94323;Thief
94324;Thief
94325;Tinkerer
94326;Tinkerer
94327;Tinkerer
94328;Tinkerer
94329;Totemic Rites
94330;Totemic Rites
94331;Totemic Rites
94332;Totemic Rites
94333;Totemic Rites
94334;Totemic Rites
94335;Totemic Rites
94336;Totemic Rites
94337;Totemic Rites
94338;Totemic Rites
94339;Starfall
94340;Starfall
94341;Starfall
94342;Starfall
94343;Starfall
94344;Starfall
94345;Starfall
94346;Starfall
94347;Starfall
94348;Starfall
94349;Enhanced Nano Damage
94350;Enhanced Nano Damage
94351;Enhanced Nano Damage
94352;Enhanced Nano Damage
94353;Enhanced Nano Damage
94354;Enhanced Nano Damage
94355;Spatial Displacement
94356;Spatial Displacement
94357;Spatial Displacement
94358;Spatial Displacement
94359;Spatial Displacement
94360;Spatial Displacement
94361;Spatial Displacement
94362;Spatial Displacement
94363;Spatial Displacement
94364;Spatial Displacement
94365;Notum Repulsor
94366;Notum Repulsor
94367;Notum Repulsor
94368;Notum Repulsor
94369;Notum Repulsor
94370;Notum Repulsor
94371;Notum Repulsor
94372;Notum Repulsor
94373;Outdoorsman
94374;Outdoorsman
94375;Outdoorsman
94376;Shade Touch
94377;Shade Touch
94378;Shade Touch
94379;Shade Touch
94380;Shade Touch
94381;Shade Touch
94382;Shade Touch
94383;Sublime Rapport
94384;Sublime Rapport
94385;Sublime Rapport
94386;Sublime Rapport
94387;Sublime Rapport
94388;Sublime Rapport
94389;Sublime Rapport
94390;Sublime Rapport
94391;Sublime Rapport
94392;Sublime Rapport
94393;Aura of Revival
94394;Copy of Aura of Revival
94395;Copy of Aura of Revival
94396;Aura of Revival
94397;Aura of Revival
94398;Aura of Revival
94399;Aura of Revival
94400;Aura of Revival
94401;Aura of Revival
94402;Aura of Revival
94403;Aura of Revival
94404;Aura of Revival
94405;Edged Mastery
94406;Edged Mastery
94407;Edged Mastery
94408;Edged Mastery
94409;Ambidextrous
94410;Enhance Health
94411;Enhance Nano
94412;NCU Extensions
94413;Soothing Spirits
94414;Training Seminar
95241;Power Up
95242;Power Up
95243;Power Up
95244;Power Up
95245;Power Up
95246;Power Up
95247;Power Up
95248;Power Up
95249;Power Up
95250;Power Up
95251;Power Up
95252;Power Up
96194;Rifle Mastery
96195;Rifle Mastery
96196;Rifle Mastery
96197;Pistol Mastery
96198;Pistol Mastery
96199;Pistol Mastery
96200;Pistol Mastery
96201;Pistol Mastery
96202;Shotgun Mastery
96203;Shotgun Mastery
96204;Shotgun Mastery
96205;Shotgun Mastery
96206;Shotgun Mastery
96207;Shotgun Mastery
96208;Shotgun Mastery
96209;Shotgun Mastery
96210;Shotgun Mastery
96211;Shotgun Mastery
99710;Notum Siphon
99711;Notum Siphon
99712;Notum Siphon
99713;Notum Siphon
99714;Notum Siphon
99715;Notum Siphon
99716;Notum Siphon
99717;Notum Siphon
99718;Notum Siphon
99719;Notum Siphon
99720;Worm ICE
99721;Worm ICE
99722;Worm ICE
99723;Worm ICE
99724;Worm ICE
99725;Worm ICE
99726;Worm ICE
99727;Worm ICE
99728;Worm ICE
99729;Worm ICE
99730;Directorship
99731;Directorship
99732;Directorship
99733;Directorship
99734;Directorship
99735;Directorship
99736;Directorship
99737;Directorship
99738;Directorship
99739;Directorship
100966;Blunt Mastery
100967;Blunt Mastery
100968;Blunt Mastery
100969;Blunt Mastery
100970;Blunt Mastery
100971;Blunt Mastery
100973;Reaver
100974;Reaver
100975;Reaver
100976;Reaver
100977;Reaver
100978;Reaver
100979;Reaver
100980;Reaver
100981;Reaver
100982;Reaver
100983;Bone Crusher
100984;Bone Crusher
100985;Bone Crusher
100986;Bone Crusher
100987;Bone Crusher
100988;Bone Crusher
100989;Bone Crusher
100990;Bone Crusher
100991;Bone Crusher
100992;Bone Crusher
101980;Nano Doctorate
101981;Nano Doctorate
101982;Nano Doctorate
102681;Outdoorsman
102682;Outdoorsman
102683;Outdoorsman
105654;Insurance Agent
105655;Insurance Agent
105656;Insurance Agent
105657;Insurance Agent
105658;Insurance Agent
108164;Defensive Stance
108165;Defensive Stance
108166;Defensive Stance
108167;Defensive Stance
108168;Defensive Stance
108169;Defensive Stance
108170;Defensive Stance
108171;Defensive Stance
108172;Defensive Stance
108173;Defensive Stance
110277;Alien Technology Expertise
110278;Alien Technology Expertise
110324;Shadow
110325;Shadow
110326;Shadow
110327;Shadow
110328;Shadow
110329;Shadow
110330;Shadow
110331;Shadow
110332;Shadow
110333;Shadow
110336;Embrace
110337;Embrace
110338;Embrace
110339;Embrace
110340;Embrace
110341;Embrace
110342;Embrace
110343;Embrace
110344;Embrace
110345;Embrace
110355;Power In Numbers
110356;Power In Numbers
110357;Power In Numbers
110358;Power In Numbers
110359;Power In Numbers
110360;Power In Numbers
110361;Power In Numbers
110362;Power In Numbers
110363;Power In Numbers
110364;Power In Numbers
110381;Volunteer
110382;Volunteer
110383;Volunteer
110384;Volunteer
110385;Volunteer
110386;Volunteer
110387;Volunteer
110388;Volunteer
110389;Volunteer
110390;Volunteer
110637;Xuyun
110638;Xuyun
110639;Xuyun
110640;Xuyun
110641;Xuyun
110642;Xuyun
110643;Xuyun
110644;Xuyun
110645;Xuyun
110646;Xuyun
110804;Dark Kin
110805;Dark Kin
110806;Dark Kin
110807;Dark Kin
110808;Dark Kin
110809;Dark Kin
110810;Dark Kin
110811;Dark Kin
110812;Dark Kin
110813;Dark Kin
112050;Ancient Matrix
112051;Ancient Matrix
112052;Ancient Matrix
112053;Ancient Matrix
112054;Ancient Matrix
112055;Ancient Matrix
112056;Ancient Matrix
112057;Ancient Matrix
112058;Ancient Matrix
112059;Ancient Matrix
112553;Mutate
112554;Mutate
112555;Mutate
112556;Mutate
112557;Mutate
112558;Mutate
112559;Mutate
112560;Mutate
112561;Mutate
112562;Mutate
112586;The Call
112587;The Call
112588;The Call
112589;The Call
112590;The Call
112591;The Call
112592;The Call
112593;The Call
112594;The Call
112595;The Call
112610;Made
112611;Made
112612;Made
112613;Made
112614;Made
112615;Made
112616;Made
112617;Made
112618;Made
112619;Made
113089;Loophole
113090;Loophole
113091;Loophole
113092;Loophole
113093;Loophole
113094;Loophole
113095;Loophole
113096;Loophole
113097;Loophole
113098;Loophole
113112;Creative Mind
113113;Creative Mind
113114;Creative Mind
113115;Creative Mind
113116;Creative Mind
113117;Creative Mind
113118;Creative Mind
113119;Creative Mind
113120;Creative Mind
113121;Creative Mind
113323;Ancient Knowledge
113324;Ancient Knowledge
113325;Ancient Knowledge
113326;Ancient Knowledge
113327;Ancient Knowledge
113328;Ancient Knowledge
113329;Ancient Knowledge
113330;Ancient Knowledge
113331;Ancient Knowledge
113332;Ancient Knowledge
113342;Crusade
113343;Crusade
113344;Crusade
113345;Crusade
113346;Crusade
113347;Crusade
113348;Crusade
113349;Crusade
113350;Crusade
113351;Crusade
113360;Ranger
113361;Ranger
113362;Ranger
113363;Ranger
113364;Ranger
113365;Ranger
113374;Nanomorph
113375;Nanomorph
113376;Nanomorph
113377;Nanomorph
113378;Nanomorph
113379;Nanomorph
113380;Nanomorph
113381;Nanomorph
113382;Nanomorph
113383;Nanomorph
113386;Counterweight
113387;Counterweight
113388;Counterweight
113389;Counterweight
113390;Counterweight
113391;Counterweight
113395;Illogical Patterns
113396;Illogical Patterns
113397;Illogical Patterns
113398;Illogical Patterns
113399;Illogical Patterns
113400;Illogical Patterns
113401;Illogical Patterns
113402;Illogical Patterns
113405;The Unknown Factor
113406;The Unknown Factor
113407;The Unknown Factor
113408;The Unknown Factor
113409;The Unknown Factor
113410;The Unknown Factor
113411;The Unknown Factor
113412;The Unknown Factor
113415;Opportunist
113416;Opportunist
113417;Opportunist
113418;Opportunist
113419;Opportunist
113420;Opportunist
113423;Atrox Primary Genome
113424;Atrox Primary Genome
113425;Atrox Primary Genome
113426;Atrox Primary Genome
113427;Atrox Primary Genome
113428;Atrox Primary Genome
113429;Atrox Primary Genome
113430;Atrox Primary Genome
113431;Atrox Primary Genome
113432;Atrox Primary Genome
113437;Atrox Secondary Genome
113438;Atrox Secondary Genome
113439;Atrox Secondary Genome
113440;Atrox Secondary Genome
113441;Atrox Secondary Genome
113442;Atrox Secondary Genome
113443;Atrox Secondary Genome
113444;Atrox Secondary Genome
113445;Atrox Secondary Genome
113446;Atrox Secondary Genome
113449;Opifex Primary Genome
113450;Opifex Primary Genome
113451;Opifex Primary Genome
113452;Opifex Primary Genome
113453;Opifex Primary Genome
113454;Opifex Primary Genome
113455;Opifex Primary Genome
113456;Opifex Primary Genome
113457;Opifex Primary Genome
113458;Opifex Primary Genome
113461;Opifex Secondary Genome
113462;Opifex Secondary Genome
113463;Opifex Secondary Genome
113464;Opifex Secondary Genome
113465;Opifex Secondary Genome
113466;Opifex Secondary Genome
113467;Opifex Secondary Genome
113468;Opifex Secondary Genome
113469;Opifex Secondary Genome
113470;Opifex Secondary Genome
113476;Nanobreed Primary Genome
113477;Nanobreed Primary Genome
113478;Nanobreed Primary Genome
113479;Nanobreed Primary Genome
113480;Nanobreed Primary Genome
113481;Nanobreed Primary Genome
113482;Nanobreed Primary Genome
113483;Nanobreed Primary Genome
113484;Nanobreed Primary Genome
113485;Nanobreed Primary Genome
113502;Nanobreed Secondary Genome
113503;Nanobreed Secondary Genome
113504;Nanobreed Secondary Genome
113505;Nanobreed Secondary Genome
113506;Nanobreed Secondary Genome
113507;Nanobreed Secondary Genome
113508;Nanobreed Secondary Genome
113509;Nanobreed Secondary Genome
113510;Nanobreed Secondary Genome
113511;Nanobreed Secondary Genome
113514;Solitus Primary Genome
113515;Solitus Primary Genome
113516;Solitus Primary Genome
113517;Solitus Primary Genome
113518;Solitus Primary Genome
113519;Solitus Primary Genome
113520;Solitus Primary Genome
113521;Solitus Primary Genome
113522;Solitus Primary Genome
113523;Solitus Primary Genome
113526;Solitus Seconday Genome
113527;Solitus Seconday Genome
113528;Solitus Seconday Genome
113529;Solitus Seconday Genome
113530;Solitus Seconday Genome
113531;Solitus Seconday Genome
113532;Solitus Seconday Genome
113533;Solitus Seconday Genome
113534;Solitus Seconday Genome
113535;Solitus Seconday Genome
113538;Champion of Heavy Infantry
113539;Champion of Heavy Infantry
113540;Champion of Heavy Infantry
113541;Champion of Heavy Infantry
113542;Champion of Heavy Infantry
113543;Champion of Heavy Infantry
113544;Champion of Heavy Infantry
113545;Champion of Heavy Infantry
113546;Champion of Heavy Infantry
113547;Champion of Heavy Infantry
113550;Champion of Light Infantry
113551;Champion of Light Infantry
113552;Champion of Light Infantry
113553;Champion of Light Infantry
113554;Champion of Light Infantry
113555;Champion of Light Infantry
113556;Champion of Light Infantry
113557;Champion of Light Infantry
113558;Champion of Light Infantry
113559;Champion of Light Infantry
113562;Champion of Light Artillery
113563;Champion of Light Artillery
113564;Champion of Light Artillery
113565;Champion of Light Artillery
113566;Champion of Light Artillery
113567;Champion of Light Artillery
113568;Champion of Light Artillery
113569;Champion of Light Artillery
113570;Champion of Light Artillery
113571;Champion of Light Artillery
113574;Champion of Heavy Artillery
113575;Champion of Heavy Artillery
113576;Champion of Heavy Artillery
113577;Champion of Heavy Artillery
113578;Champion of Heavy Artillery
113579;Champion of Heavy Artillery
113580;Champion of Heavy Artillery
113581;Champion of Heavy Artillery
113582;Champion of Heavy Artillery
113583;Champion of Heavy Artillery
113586;Champion of Nano Combat
113587;Champion of Nano Combat
113588;Champion of Nano Combat
113589;Champion of Nano Combat
113590;Champion of Nano Combat
113591;Champion of Nano Combat
113592;Champion of Nano Combat
113593;Champion of Nano Combat
113594;Champion of Nano Combat
113595;Champion of Nano Combat
113600;Combat Knowledge
113601;Combat Knowledge
113602;Combat Knowledge
113603;Combat Knowledge
113604;Combat Knowledge
113605;Combat Knowledge
113606;Combat Knowledge
113607;Combat Knowledge
114147;Ranger
114148;Ranger
114149;Ranger
114150;Ranger
114645;Alien Technology Expertise
115536;Quick Feet
115537;Quick Feet
115538;Quick Feet
115539;Nimble Fingers
115540;Nimble Fingers
115541;Nimble Fingers
115542;Improved Notum Propellant
115543;Improved Notum Propellant
115544;Improved Notum Propellant
115545;Notum Fiber Armor
115546;Notum Fiber Armor
115547;Notum Fiber Armor
115778;Exploration
115779;Exploration
115780;Exploration
115781;Exploration
115782;Exploration
115783;Exploration
115784;Exploration
115785;Exploration
115786;Exploration
115787;Exploration
115803;Keen Eyes
115804;Keen Eyes
115805;Keen Eyes
115806;Keen Eyes
115807;Keen Eyes
115808;Keen Eyes
115809;Keen Eyes
115810;Keen Eyes
115811;Keen Eyes
115812;Keen Eyes
115813;Wilderness Lore
115814;Wilderness Lore
115815;Wilderness Lore
115816;Wilderness Lore
115817;Wilderness Lore
115818;Wilderness Lore
115819;Wilderness Lore
115820;Wilderness Lore
115821;Wilderness Lore
115822;Wilderness Lore
115823;Gunslinger
115824;Gunslinger
115825;Gunslinger
115826;Gunslinger
115827;Gunslinger
115828;Gunslinger
115829;Gunslinger
115830;Gunslinger
115831;Gunslinger
115832;Gunslinger
115833;Wilderness Survival
115834;Wilderness Survival
115835;Wilderness Survival
115836;Wilderness Survival
115837;Wilderness Survival
115838;Wilderness Survival
115839;Wilderness Survival
115840;Wilderness Survival
115841;Wilderness Survival
115842;Wilderness Survival
115843;Game Warden
115844;Game Warden
115845;Game Warden
115846;Game Warden
115847;Game Warden
115848;Game Warden
115849;Game Warden
115850;Game Warden
115851;Game Warden
115852;Game Warden
115853;Safari Guide
115854;Safari Guide
115855;Safari Guide
115856;Safari Guide
115857;Safari Guide
115858;Safari Guide
115859;Safari Guide
115860;Safari Guide
115861;Safari Guide
115862;Safari Guide
115863;Threat Assessment
115864;Threat Assessment
115865;Threat Assessment
115866;Threat Assessment
115867;Threat Assessment
115868;Threat Assessment
115869;Threat Assessment
115870;Threat Assessment
115871;Threat Assessment
115872;Threat Assessment
115873;Direct Action
115874;Direct Action
115875;Direct Action
115876;Direct Action
115877;Direct Action
115878;Direct Action
115879;Direct Action
115880;Direct Action
115881;Direct Action
115882;Direct Action
115883;Fitness
115884;Fitness
115885;Fitness
115886;Fitness
115887;Fitness
115888;Fitness
115889;Fitness
115890;Fitness
115891;Fitness
115892;Fitness
115893;Intuition
115894;Intuition
115895;Intuition
115896;Intuition
115897;Intuition
115898;Intuition
115899;Intuition
115900;Intuition
115901;Intuition
115902;Intuition
115903;Stealth
115904;Stealth
115905;Stealth
115906;Stealth
115907;Stealth
115908;Stealth
115909;Stealth
115910;Stealth
115911;Stealth
115912;Stealth
115913;Marksmanship
115914;Marksmanship
115915;Marksmanship
115916;Marksmanship
115917;Marksmanship
115918;Marksmanship
115919;Marksmanship
115920;Marksmanship
115921;Marksmanship
115922;Marksmanship
115923;End Certification
115924;End Certification
115925;End Certification
115926;End Certification
115927;End Certification
115928;End Certification
115929;End Certification
115930;End Certification
115931;End Certification
115932;End Certification
115963;Team Building
115964;Team Building
115965;Team Building
115966;Team Building
115967;Team Building
115968;Team Building
115969;Team Building
115970;Team Building
115971;Team Building
115972;Team Building
115973;Process Theory
115974;Process Theory
115975;Process Theory
115976;Process Theory
115977;Process Theory
115978;Process Theory
115979;Process Theory
115980;Process Theory
115981;Process Theory
115982;Process Theory
115983;Executive Decisions
115984;Executive Decisions
115985;Executive Decisions
115986;Executive Decisions
115987;Executive Decisions
115988;Executive Decisions
115989;Executive Decisions
115990;Executive Decisions
115991;Executive Decisions
115992;Executive Decisions
115993;Professional Development
115994;Professional Development
115995;Professional Development
115996;Professional Development
115997;Professional Development
115998;Professional Development
115999;Professional Development
116000;Professional Development
116001;Professional Development
116002;Professional Development
116003;Market Awareness
116004;Market Awareness
116005;Market Awareness
116006;Market Awareness
116007;Market Awareness
116008;Market Awareness
116009;Market Awareness
116010;Market Awareness
116011;Market Awareness
116012;Market Awareness
116013;Hostile Negotiations
116014;Hostile Negotiations
116015;Hostile Negotiations
116016;Hostile Negotiations
116017;Hostile Negotiations
116018;Hostile Negotiations
116019;Hostile Negotiations
116020;Hostile Negotiations
116021;Hostile Negotiations
116022;Hostile Negotiations
116023;Human Resources
116024;Human Resources
116025;Human Resources
116026;Human Resources
116027;Human Resources
116028;Human Resources
116029;Human Resources
116030;Human Resources
116031;Human Resources
116032;Human Resources
116033;Bedside Manner
116034;Bedside Manner
116035;Bedside Manner
116036;Bedside Manner
116037;Bedside Manner
116038;Bedside Manner
116039;Bedside Manner
116040;Bedside Manner
116041;Bedside Manner
116042;Bedside Manner
116043;Rehabilitation
116044;Rehabilitation
116045;Rehabilitation
116046;Rehabilitation
116047;Rehabilitation
116048;Rehabilitation
116049;Rehabilitation
116050;Rehabilitation
116051;Rehabilitation
116052;Rehabilitation
116053;Diagnosis
116054;Diagnosis
116055;Diagnosis
116056;Diagnosis
116057;Diagnosis
116058;Diagnosis
116059;Diagnosis
116060;Diagnosis
116061;Diagnosis
116062;Diagnosis
116063;Internship
116064;Internship
116065;Internship
116066;Internship
116067;Internship
116068;Internship
116069;Internship
116070;Internship
116071;Internship
116072;Internship
116073;Underground Doctor
116074;Underground Doctor
116075;Underground Doctor
116076;Underground Doctor
116077;Underground Doctor
116078;Underground Doctor
116079;Underground Doctor
116080;Underground Doctor
116081;Underground Doctor
116082;Underground Doctor
116083;Toxicology
116084;Toxicology
116085;Toxicology
116086;Toxicology
116087;Toxicology
116088;Toxicology
116089;Toxicology
116090;Toxicology
116091;Toxicology
116092;Toxicology
116093;Aggressive Surgery
116094;Aggressive Surgery
116095;Aggressive Surgery
116096;Aggressive Surgery
116097;Aggressive Surgery
116098;Aggressive Surgery
116099;Aggressive Surgery
116100;Aggressive Surgery
116101;Aggressive Surgery
116102;Aggressive Surgery
116105;Endurance
116106;Endurance
116107;Endurance
116108;Endurance
116109;Endurance
116110;Endurance
116111;Endurance
116112;Endurance
116113;Endurance
116114;Endurance
116115;Flexibility
116116;Flexibility
116117;Flexibility
116118;Flexibility
116119;Flexibility
116120;Flexibility
116121;Flexibility
116122;Flexibility
116123;Flexibility
116124;Flexibility
116125;Brawlers Sense
116126;Brawlers Sense
116127;Brawlers Sense
116128;Brawlers Sense
116129;Brawlers Sense
116130;Brawlers Sense
116131;Brawlers Sense
116132;Brawlers Sense
116133;Brawlers Sense
116134;Brawlers Sense
116135;Kneecapping
116136;Kneecapping
116137;Kneecapping
116138;Kneecapping
116139;Kneecapping
116140;Kneecapping
116141;Kneecapping
116142;Kneecapping
116143;Kneecapping
116144;Kneecapping
116145;Anger Management
116146;Anger Management
116147;Anger Management
116148;Anger Management
116149;Anger Management
116150;Anger Management
116151;Anger Management
116152;Anger Management
116153;Anger Management
116154;Anger Management
116155;Hard Labor
116156;Hard Labor
116157;Hard Labor
116158;Hard Labor
116159;Hard Labor
116160;Hard Labor
116161;Hard Labor
116162;Hard Labor
116163;Hard Labor
116164;Hard Labor
116165;Brutality
116166;Brutality
116167;Brutality
116168;Brutality
116169;Brutality
116170;Brutality
116171;Brutality
116172;Brutality
116173;Brutality
116174;Brutality
116190;Practical Application
116191;Practical Application
116192;Practical Application
116193;Practical Application
116194;Practical Application
116195;Practical Application
116196;Practical Application
116197;Practical Application
116198;Practical Application
116199;Practical Application
116200;Serendipity
116201;Serendipity
116202;Serendipity
116203;Serendipity
116204;Serendipity
116205;Serendipity
116206;Serendipity
116207;Serendipity
116208;Serendipity
116209;Serendipity
116210;Mechanical Assistance
116211;Mechanical Assistance
116212;Mechanical Assistance
116213;Mechanical Assistance
116214;Mechanical Assistance
116215;Mechanical Assistance
116216;Mechanical Assistance
116217;Mechanical Assistance
116218;Mechanical Assistance
116219;Mechanical Assistance
116220;Process Refinement
116221;Process Refinement
116222;Process Refinement
116223;Process Refinement
116224;Process Refinement
116225;Process Refinement
116226;Process Refinement
116227;Process Refinement
116228;Process Refinement
116229;Process Refinement
116230;Ergonomics
116231;Ergonomics
116232;Ergonomics
116233;Ergonomics
116234;Ergonomics
116235;Ergonomics
116236;Ergonomics
116237;Ergonomics
116238;Ergonomics
116239;Ergonomics
116240;Military Hardware
116241;Military Hardware
116242;Military Hardware
116243;Military Hardware
116244;Military Hardware
116245;Military Hardware
116246;Military Hardware
116247;Military Hardware
116248;Military Hardware
116249;Military Hardware
116250;Combat Applications
116251;Combat Applications
116252;Combat Applications
116253;Combat Applications
116254;Combat Applications
116255;Combat Applications
116256;Combat Applications
116257;Combat Applications
116258;Combat Applications
116259;Combat Applications
116260;Acquisition
116261;Acquisition
116262;Acquisition
116263;Acquisition
116264;Acquisition
116265;Acquisition
116266;Acquisition
116267;Acquisition
116268;Acquisition
116269;Acquisition
116270;Subtlety
116271;Subtlety
116272;Subtlety
116273;Subtlety
116274;Subtlety
116275;Subtlety
116276;Subtlety
116277;Subtlety
116278;Subtlety
116279;Subtlety
116280;Cunning
116281;Cunning
116282;Cunning
116283;Cunning
116284;Cunning
116285;Cunning
116286;Cunning
116287;Cunning
116288;Cunning
116289;Cunning
116290;Smuggler's Sense
116291;Smuggler's Sense
116292;Smuggler's Sense
116293;Smuggler's Sense
116294;Smuggler's Sense
116295;Smuggler's Sense
116296;Smuggler's Sense
116297;Smuggler's Sense
116298;Smuggler's Sense
116299;Smuggler's Sense
116300;Respectable Businessman
116301;Respectable Businessman
116302;Respectable Businessman
116303;Respectable Businessman
116304;Respectable Businessman
116305;Respectable Businessman
116306;Respectable Businessman
116307;Respectable Businessman
116308;Respectable Businessman
116309;Respectable Businessman
116310;Fallback Plan
116311;Fallback Plan
116312;Fallback Plan
116313;Fallback Plan
116314;Fallback Plan
116315;Fallback Plan
116316;Fallback Plan
116317;Fallback Plan
116318;Fallback Plan
116319;Fallback Plan
116320;Insurance
116321;Insurance
116322;Insurance
116323;Insurance
116324;Insurance
116325;Insurance
116326;Insurance
116327;Insurance
116328;Insurance
116329;Insurance
116330;Champion
116331;Champion
116332;Champion
116333;Champion
116334;Champion
116335;Champion
116336;Champion
116337;Champion
116338;Champion
116339;Champion
116340;Exemplar
116341;Exemplar
116342;Exemplar
116343;Exemplar
116344;Exemplar
116345;Exemplar
116346;Exemplar
116347;Exemplar
116348;Exemplar
116349;Exemplar
116350;Wisdom
116351;Wisdom
116352;Wisdom
116353;Wisdom
116354;Wisdom
116355;Wisdom
116356;Wisdom
116357;Wisdom
116358;Wisdom
116359;Wisdom
116360;Loyalty
116361;Loyalty
116362;Loyalty
116363;Loyalty
116364;Loyalty
116365;Loyalty
116366;Loyalty
116367;Loyalty
116368;Loyalty
116369;Loyalty
116370;Judgement
116371;Judgement
116372;Judgement
116373;Judgement
116374;Judgement
116375;Judgement
116376;Judgement
116377;Judgement
116378;Judgement
116379;Judgement
116380;Virtue
116381;Virtue
116382;Virtue
116383;Virtue
116384;Virtue
116385;Virtue
116386;Virtue
116387;Virtue
116388;Virtue
116389;Virtue
116390;Paragon
116391;Paragon
116392;Paragon
116393;Paragon
116394;Paragon
116395;Paragon
116396;Paragon
116397;Paragon
116398;Paragon
116399;Paragon
116400;Intuition
116401;Intuition
116402;Intuition
116403;Intuition
116404;Intuition
116405;Intuition
116406;Intuition
116407;Intuition
116408;Intuition
116409;Intuition
116410;Meditation
116411;Meditation
116412;Meditation
116413;Meditation
116414;Meditation
116415;Meditation
116416;Meditation
116417;Meditation
116418;Meditation
116419;Meditation
116420;Empathy
116421;Empathy
116422;Empathy
116423;Empathy
116424;Empathy
116425;Empathy
116426;Empathy
116427;Empathy
116428;Empathy
116429;Empathy
116430;Nimble
116431;Nimble
116432;Nimble
116433;Nimble
116434;Nimble
116435;Nimble
116436;Nimble
116437;Nimble
116438;Nimble
116439;Nimble
116440;Alacrity
116441;Alacrity
116442;Alacrity
116443;Alacrity
116444;Alacrity
116445;Alacrity
116446;Alacrity
116447;Alacrity
116448;Alacrity
116449;Alacrity
116450;Reflex
116451;Reflex
116452;Reflex
116453;Reflex
116454;Reflex
116455;Reflex
116456;Reflex
116457;Reflex
116458;Reflex
116459;Reflex
116460;Cognizance
116461;Cognizance
116462;Cognizance
116463;Cognizance
116464;Cognizance
116465;Cognizance
116466;Cognizance
116467;Cognizance
116468;Cognizance
116469;Cognizance
116501;Foresight
116502;Foresight
116503;Foresight
116504;Foresight
116505;Foresight
116506;Foresight
116507;Foresight
116508;Foresight
116509;Foresight
116510;Foresight
116511;Sympathy
116512;Sympathy
116513;Sympathy
116514;Sympathy
116515;Sympathy
116516;Sympathy
116517;Sympathy
116518;Sympathy
116519;Sympathy
116520;Sympathy
116521;Spatial Awareness
116522;Spatial Awareness
116523;Spatial Awareness
116524;Spatial Awareness
116525;Spatial Awareness
116526;Spatial Awareness
116527;Spatial Awareness
116528;Spatial Awareness
116529;Spatial Awareness
116530;Spatial Awareness
116531;Trauma
116532;Trauma
116533;Trauma
116534;Trauma
116535;Trauma
116536;Trauma
116537;Trauma
116538;Trauma
116539;Trauma
116540;Trauma
116541;Perseverences
116542;Perseverences
116543;Perseverences
116544;Perseverences
116545;Perseverences
116546;Perseverences
116547;Perseverences
116548;Perseverences
116549;Perseverences
116550;Perseverences
116551;Jealousy
116552;Jealousy
116553;Jealousy
116554;Jealousy
116555;Jealousy
116556;Jealousy
116557;Jealousy
116558;Jealousy
116559;Jealousy
116560;Jealousy
116561;Angst
116562;Angst
116563;Angst
116564;Angst
116565;Angst
116566;Angst
116567;Angst
116568;Angst
116569;Angst
116570;Angst
116571;Intellectual Refinement
116572;Intellectual Refinement
116573;Intellectual Refinement
116574;Intellectual Refinement
116575;Intellectual Refinement
116576;Intellectual Refinement
116577;Intellectual Refinement
116578;Intellectual Refinement
116579;Intellectual Refinement
116580;Intellectual Refinement
116581;Nano Theory
116582;Nano Theory
116583;Nano Theory
116584;Nano Theory
116585;Nano Theory
116586;Nano Theory
116587;Nano Theory
116588;Nano Theory
116589;Nano Theory
116590;Nano Theory
116591;Particle Physics
116592;Particle Physics
116593;Particle Physics
116594;Particle Physics
116595;Particle Physics
116596;Particle Physics
116597;Particle Physics
116598;Particle Physics
116599;Particle Physics
116600;Particle Physics
116601;Combat Execution
116602;Combat Execution
116603;Combat Execution
116604;Combat Execution
116605;Combat Execution
116606;Combat Execution
116607;Combat Execution
116608;Combat Execution
116609;Combat Execution
116610;Combat Execution
116611;Practical Use
116612;Practical Use
116613;Practical Use
116614;Practical Use
116615;Practical Use
116616;Practical Use
116617;Practical Use
116618;Practical Use
116619;Practical Use
116620;Practical Use
116621;Discipline
116622;Discipline
116623;Discipline
116624;Discipline
116625;Discipline
116626;Discipline
116627;Discipline
116628;Discipline
116629;Discipline
116630;Discipline
116631;Kinetic Mastery
116632;Kinetic Mastery
116633;Kinetic Mastery
116634;Kinetic Mastery
116635;Kinetic Mastery
116636;Kinetic Mastery
116637;Kinetic Mastery
116638;Kinetic Mastery
116639;Kinetic Mastery
116640;Kinetic Mastery
116641;Sweep and Clear
116642;Sweep and Clear
116643;Sweep and Clear
116644;Sweep and Clear
116645;Sweep and Clear
116646;Sweep and Clear
116647;Sweep and Clear
116648;Sweep and Clear
116649;Sweep and Clear
116650;Sweep and Clear
116651;Strategic Planning
116652;Strategic Planning
116653;Strategic Planning
116654;Strategic Planning
116655;Strategic Planning
116656;Strategic Planning
116657;Strategic Planning
116658;Strategic Planning
116659;Strategic Planning
116660;Strategic Planning
116661;Combat Sense
116662;Combat Sense
116663;Combat Sense
116664;Combat Sense
116665;Combat Sense
116666;Combat Sense
116667;Combat Sense
116668;Combat Sense
116669;Combat Sense
116670;Combat Sense
116671;Marksmanship
116672;Marksmanship
116673;Marksmanship
116674;Marksmanship
116675;Marksmanship
116676;Marksmanship
116677;Marksmanship
116678;Marksmanship
116679;Marksmanship
116680;Marksmanship
116681;Forward Observer
116682;Forward Observer
116683;Forward Observer
116684;Forward Observer
116685;Forward Observer
116686;Forward Observer
116687;Forward Observer
116688;Forward Observer
116689;Forward Observer
116690;Forward Observer
116691;Classified Ops
116692;Classified Ops
116693;Classified Ops
116694;Classified Ops
116695;Classified Ops
116696;Classified Ops
116697;Classified Ops
116698;Classified Ops
116699;Classified Ops
116700;Classified Ops
116701;Force Recon
116702;Force Recon
116703;Force Recon
116704;Force Recon
116705;Force Recon
116706;Force Recon
116707;Force Recon
116708;Force Recon
116709;Force Recon
116710;Force Recon
116711;Assassin's Awareness
116712;Assassin's Awareness
116713;Assassin's Awareness
116714;Assassin's Awareness
116715;Assassin's Awareness
116716;Assassin's Awareness
116717;Assassin's Awareness
116718;Assassin's Awareness
116719;Assassin's Awareness
116720;Assassin's Awareness
116721;Honed Senses
116722;Honed Senses
116723;Honed Senses
116724;Honed Senses
116725;Honed Senses
116726;Honed Senses
116727;Honed Senses
116728;Honed Senses
116729;Honed Senses
116730;Honed Senses
116731;Killing Blows
116732;Killing Blows
116733;Killing Blows
116734;Killing Blows
116735;Killing Blows
116736;Killing Blows
116737;Killing Blows
116738;Killing Blows
116739;Killing Blows
116740;Killing Blows
116741;Stiletto Mastery
116742;Stiletto Mastery
116743;Stiletto Mastery
116744;Stiletto Mastery
116745;Stiletto Mastery
116746;Stiletto Mastery
116747;Stiletto Mastery
116748;Stiletto Mastery
116749;Stiletto Mastery
116750;Stiletto Mastery
116751;Malicious Forethought
116752;Malicious Forethought
116753;Malicious Forethought
116754;Malicious Forethought
116755;Malicious Forethought
116756;Malicious Forethought
116757;Malicious Forethought
116758;Malicious Forethought
116759;Malicious Forethought
116760;Malicious Forethought
116761;Lithe
116762;Lithe
116763;Lithe
116764;Lithe
116765;Lithe
116766;Lithe
116767;Lithe
116768;Lithe
116769;Lithe
116770;Lithe
116771;Ambushing
116772;Ambushing
116773;Ambushing
116774;Ambushing
116775;Ambushing
116776;Ambushing
116777;Ambushing
116778;Ambushing
116779;Ambushing
116780;Ambushing
116781;Eye for a Deal
116782;Eye for a Deal
116783;Eye for a Deal
116784;Eye for a Deal
116785;Eye for a Deal
116786;Eye for a Deal
116787;Eye for a Deal
116788;Eye for a Deal
116789;Eye for a Deal
116790;Eye for a Deal
116791;Fast Talk
116792;Fast Talk
116793;Fast Talk
116794;Fast Talk
116795;Fast Talk
116796;Fast Talk
116797;Fast Talk
116798;Fast Talk
116799;Fast Talk
116800;Fast Talk
116801;Sensible Investment
116802;Sensible Investment
116803;Sensible Investment
116804;Sensible Investment
116805;Sensible Investment
116806;Sensible Investment
116807;Sensible Investment
116808;Sensible Investment
116809;Sensible Investment
116810;Sensible Investment
116811;Aggressive Pricing
116812;Aggressive Pricing
116813;Aggressive Pricing
116814;Aggressive Pricing
116815;Aggressive Pricing
116816;Aggressive Pricing
116817;Aggressive Pricing
116818;Aggressive Pricing
116819;Aggressive Pricing
116820;Aggressive Pricing
116821;Door-To-Door Salesman
116822;Door-To-Door Salesman
116823;Door-To-Door Salesman
116824;Door-To-Door Salesman
116825;Door-To-Door Salesman
116826;Door-To-Door Salesman
116827;Door-To-Door Salesman
116828;Door-To-Door Salesman
116829;Door-To-Door Salesman
116830;Door-To-Door Salesman
116831;Sensitive Negotiations
116832;Sensitive Negotiations
116833;Sensitive Negotiations
116834;Sensitive Negotiations
116835;Sensitive Negotiations
116836;Sensitive Negotiations
116837;Sensitive Negotiations
116838;Sensitive Negotiations
116839;Sensitive Negotiations
116840;Sensitive Negotiations
116841;Hostile Takeover
116842;Hostile Takeover
116843;Hostile Takeover
116844;Hostile Takeover
116845;Hostile Takeover
116846;Hostile Takeover
116847;Hostile Takeover
116848;Hostile Takeover
116849;Hostile Takeover
116850;Hostile Takeover
116913;Personal Mechanized Vehicle
116914;Personal Mechanized Vehicle Armor Upgrade
116915;Personal Mechanized Vehicle Armor Upgrade
116916;Personal Mechanized Vehicle Armor Upgrade
116917;Personal Mechanized Vehicle Weapon Upgrade
116918;Personal Mechanized Vehicle Weapon Upgrade
116919;Personal Mechanized Vehicle Weapon Upgrade
116994;Anti-Personnel Turret
116996;Anti-Personnel Turret Armor Upgrade
116997;Anti-Personnel Turret Armor Upgrade
116998;Anti-Personnel Turret Armor Upgrade
116999;Anti-Personnel Turret Weapon Upgrade
117000;Anti-Personnel Turret Weapon Upgrade
117001;Anti-Personnel Turret Weapon Upgrade
117002;Anti-Vehicular Battery
117003;Anti-Vehicular Battery Armor Upgrade
117004;Anti-Vehicular Battery Armor Upgrade
117005;Anti-Vehicular Battery Armor Upgrade
117006;Anti-Vehicular Battery Weapon Upgrade
117007;Anti-Vehicular Battery Weapon Upgrade
117008;Anti-Vehicular Battery Weapon Upgrade
117154;Mechanized Scout Vehicle
117155;Mechanized Scout Vehicle Armor Upgrade
117156;Mechanized Scout Vehicle Armor Upgrade
117157;Mechanized Scout Vehicle Armor Upgrade
117158;Mechanized Scout Vehicle Weapon Upgrade
117159;Mechanized Scout Vehicle Weapon Upgrade
117160;Mechanized Scout Vehicle Weapon Upgrade
117161;Mechanized Assault Vehicle
117162;Mechanized Assault Vehicle Armor Upgrade
117163;Mechanized Assault Vehicle Armor Upgrade
117164;Mechanized Assault Vehicle Armor Upgrade
117165;Mechanized Assault Vehicle Weapon Upgrade
117166;Mechanized Assault Vehicle Weapon Upgrade
117167;Mechanized Assault Vehicle Weapon Upgrade
119507;Global Advantage - Health
119508;Global Advantage - Health
119509;Global Advantage - Health
119523;Global Advantage - Offensive Power
119524;Global Advantage - Offensive Power
119525;Global Advantage - Offensive Power
119526;Global Advantage - Defensive Power
119527;Global Advantage - Defensive Power
119528;Global Advantage - Defensive Power
119529;Global Advantage - Medical Knowledge
119530;Global Advantage - Medical Knowledge
119531;Global Advantage - Medical Knowledge
119532;Global Advantage - Combat Knowledge
119533;Global Advantage - Combat Knowledge
119534;Global Advantage - Combat Knowledge
119535;Global Advantage - Nano Technology Knowledge
119536;Global Advantage - Nano Technology Knowledge
119537;Global Advantage - Nano Technology Knowledge
125093;Lightstalker
125094;Lightstalker
125095;Lightstalker
125096;Lightstalker
125097;Lightstalker
125098;Lightstalker
125231;Hit and Run
125232;Hit and Run
125233;Hit and Run
125234;Hit and Run
125235;Hit and Run
125236;Hit and Run
126031;PMV Obsidian Edition
129456;Copy of Aura of Revival
129457;Copy of Aura of Revival
129458;Copy of Aura of Revival
129459;Copy of Aura of Revival
129460;Copy of Aura of Revival
130019;Apotheosis
130020;Apotheosis
130021;Apotheosis
130022;Apotheosis
130023;Apotheosis
130024;Apotheosis
130025;Apotheosis
130026;Apotheosis
130027;Apotheosis
130028;Apotheosis
